<?xml version="1.0" encoding="UTF-8" standalone="yes"?>
<addon id="script.redirect.fav" name="Redirector" version="1.1.1" provider-name="HeronErin">
    <requires>
        <import addon="xbmc.python" version="3.0.1"/>
    </requires>
    <extension point="xbmc.python.script" library="addon.py">
        <provides>executable</provides>
    </extension>
    <extension point="xbmc.addon.metadata">
        <platform>all</platform>
        <summary lang="en">Redirect to who the fuck knows</summary>
        <description lang="en">This will execute any builtin you want by a path</description>
        <license>GNU General Public License, v2</license>
        <language>EN-US</language>
        <source>https://github.com/HeronErin/AmazonFireDebloat</source>
        <website>http://ifdh.eu.org</website>
        <email>example@example.com</email>
        <assets>
            <icon>icon.png</icon>
            <fanart>fanart.jpg</fanart>
			<screenshot>resources/images/fanart.jpg</screenshot>
        </assets>
        <news>Adapted it for me</news>
    </extension>
</addon>
